,index,hotbit
0,0,-70.60652927935882
1,1,-70.60647670369576
2,2,-70.60217716638329
3,3,-70.58771693803925
4,4,-70.55932793539296
5,5,-70.55860709701943
6,6,-70.55601430244673
