,index,hotbit
0,0,-63.89295715151172
1,1,-63.88387358563125
2,2,-63.8836658144603
3,3,-63.85543815047282
4,4,-63.8459044590241
5,5,-63.84569435210915
6,6,-63.83832358319842
7,7,-63.828855285611894
8,8,-63.82862622140243
9,9,-63.81452509801579
10,10,-63.808576094913406
11,11,-63.8076608914389
12,12,-63.800822035934175
13,13,-63.798144629444494
14,14,-63.78980548358635
15,15,-63.777336061554536
