,index,hotbit,gaussian
0,0.0,-841.7478254744204,-120772.91146774209
