,index,hotbit
0,0,-70.57403867061288
1,1,-70.5724800380342
2,2,-70.569071158633
3,3,-70.54675666050628
4,4,-70.53883666845684
5,5,-70.53638602446631
