,index,hotbit,gaussian
0,0.0,-841.74407945446,-120772.91146774209
