,index,hotbit
0,0,-36.18742151703921
1,1,-36.0458746369259
