,index,hotbit,gaussian
0,0.0,-841.5679422567259,-120772.91146774209
1,1.0,-838.2761543471139,-120772.91146774209
