,index,hotbit,gaussian
0,0.0,-841.6694891781264,-120772.91146774209
